t,v
2015-07-30T00:00:00Z,0
2015-07-31T00:00:00Z,0
2015-08-01T00:00:00Z,0
2015-08-02T00:00:00Z,0
2015-08-03T00:00:00Z,0
2015-08-04T00:00:00Z,0
2015-08-05T00:00:00Z,0
2015-08-06T00:00:00Z,0
2015-08-07T00:00:00Z,1085
2015-08-08T00:00:00Z,800
2015-08-09T00:00:00Z,731
2015-08-10T00:00:00Z,997
2015-08-11T00:00:00Z,2339
2015-08-12T00:00:00Z,904
2015-08-13T00:00:00Z,1273
2015-08-14T00:00:00Z,1592
2015-08-15T00:00:00Z,1309
2015-08-16T00:00:00Z,1202
2015-08-17T00:00:00Z,1249
2015-08-18T00:00:00Z,1294
2015-08-19T00:00:00Z,1349
2015-08-20T00:00:00Z,1166
2015-08-21T00:00:00Z,1423
2015-08-22T00:00:00Z,1413
2015-08-23T00:00:00Z,1569
2015-08-24T00:00:00Z,1436
2015-08-25T00:00:00Z,1576
2015-08-26T00:00:00Z,1527
2015-08-27T00:00:00Z,1590
2015-08-28T00:00:00Z,1530
2015-08-29T00:00:00Z,1375
2015-08-30T00:00:00Z,1624
2015-08-31T00:00:00Z,1514
2015-09-01T00:00:00Z,1551
2015-09-02T00:00:00Z,1514
2015-09-03T00:00:00Z,1447
2015-09-04T00:00:00Z,1446
2015-09-05T00:00:00Z,1476
2015-09-06T00:00:00Z,1585
2015-09-07T00:00:00Z,1631
2015-09-08T00:00:00Z,1540
2015-09-09T00:00:00Z,1543
2015-09-10T00:00:00Z,1539
2015-09-11T00:00:00Z,1701
2015-09-12T00:00:00Z,1543
2015-09-13T00:00:00Z,1598
2015-09-14T00:00:00Z,1622
2015-09-15T00:00:00Z,1486
2015-09-16T00:00:00Z,1509
2015-09-17T00:00:00Z,1516
2015-09-18T00:00:00Z,1459
2015-09-19T00:00:00Z,1367
2015-09-20T00:00:00Z,1466
2015-09-21T00:00:00Z,1520
2015-09-22T00:00:00Z,1533
2015-09-23T00:00:00Z,1732
2015-09-24T00:00:00Z,1568
2015-09-25T00:00:00Z,1536
2015-09-26T00:00:00Z,1420
2015-09-27T00:00:00Z,1414
2015-09-28T00:00:00Z,1545
2015-09-29T00:00:00Z,1532
2015-09-30T00:00:00Z,1490
2015-10-01T00:00:00Z,1472
2015-10-02T00:00:00Z,1375
2015-10-03T00:00:00Z,1389
2015-10-04T00:00:00Z,1393
2015-10-05T00:00:00Z,1395
2015-10-06T00:00:00Z,1415
2015-10-07T00:00:00Z,1373
2015-10-08T00:00:00Z,1330
2015-10-09T00:00:00Z,1366
2015-10-10T00:00:00Z,1266
2015-10-11T00:00:00Z,1300
2015-10-12T00:00:00Z,1327
2015-10-13T00:00:00Z,1475
2015-10-14T00:00:00Z,1565
2015-10-15T00:00:00Z,1496
2015-10-16T00:00:00Z,1366
2015-10-17T00:00:00Z,1353
2015-10-18T00:00:00Z,1340
2015-10-19T00:00:00Z,1450
2015-10-20T00:00:00Z,1311
2015-10-21T00:00:00Z,1520
2015-10-22T00:00:00Z,1386
2015-10-23T00:00:00Z,1502
2015-10-24T00:00:00Z,1635
2015-10-25T00:00:00Z,1494
2015-10-26T00:00:00Z,1648
2015-10-27T00:00:00Z,1694
2015-10-28T00:00:00Z,1699
2015-10-29T00:00:00Z,1971
2015-10-30T00:00:00Z,2208
2015-10-31T00:00:00Z,1976
2015-11-01T00:00:00Z,2128
2015-11-02T00:00:00Z,2031
2015-11-03T00:00:00Z,2063
2015-11-04T00:00:00Z,2038
2015-11-05T00:00:00Z,1911
2015-11-06T00:00:00Z,1802
2015-11-07T00:00:00Z,2058
2015-11-08T00:00:00Z,2262
2015-11-09T00:00:00Z,2060
2015-11-10T00:00:00Z,1822
2015-11-11T00:00:00Z,2033
2015-11-12T00:00:00Z,1805
2015-11-13T00:00:00Z,1804
2015-11-14T00:00:00Z,1794
2015-11-15T00:00:00Z,1758
2015-11-16T00:00:00Z,1864
2015-11-17T00:00:00Z,1901
2015-11-18T00:00:00Z,1859
2015-11-19T00:00:00Z,1862
2015-11-20T00:00:00Z,1763
2015-11-21T00:00:00Z,1710
2015-11-22T00:00:00Z,2015
2015-11-23T00:00:00Z,1738
2015-11-24T00:00:00Z,1820
2015-11-25T00:00:00Z,1709
2015-11-26T00:00:00Z,1804
2015-11-27T00:00:00Z,1660
2015-11-28T00:00:00Z,1651
2015-11-29T00:00:00Z,1666
2015-11-30T00:00:00Z,1782
2015-12-01T00:00:00Z,1762
2015-12-02T00:00:00Z,1673
2015-12-03T00:00:00Z,1755
2015-12-04T00:00:00Z,1741
2015-12-05T00:00:00Z,1713
2015-12-06T00:00:00Z,2001
2015-12-07T00:00:00Z,1952
2015-12-08T00:00:00Z,1753
2015-12-09T00:00:00Z,1747
2015-12-10T00:00:00Z,1778
2015-12-11T00:00:00Z,1784
2015-12-12T00:00:00Z,2152
2015-12-13T00:00:00Z,1960
2015-12-14T00:00:00Z,2177
2015-12-15T00:00:00Z,2164
2015-12-16T00:00:00Z,2150
2015-12-17T00:00:00Z,2402
2015-12-18T00:00:00Z,2184
2015-12-19T00:00:00Z,2187
2015-12-20T00:00:00Z,2207
2015-12-21T00:00:00Z,2312
2015-12-22T00:00:00Z,2311
2015-12-23T00:00:00Z,2215
2015-12-24T00:00:00Z,2234
2015-12-25T00:00:00Z,2158
2015-12-26T00:00:00Z,2282
2015-12-27T00:00:00Z,2214
2015-12-28T00:00:00Z,2422
2015-12-29T00:00:00Z,2392
2015-12-30T00:00:00Z,2360
2015-12-31T00:00:00Z,2578
2016-01-01T00:00:00Z,2350
2016-01-02T00:00:00Z,2410
2016-01-03T00:00:00Z,2454
2016-01-04T00:00:00Z,2537
2016-01-05T00:00:00Z,2533
2016-01-06T00:00:00Z,2645
2016-01-07T00:00:00Z,2683
2016-01-08T00:00:00Z,2610
2016-01-09T00:00:00Z,2624
2016-01-10T00:00:00Z,2797
2016-01-11T00:00:00Z,2950
2016-01-12T00:00:00Z,2985
2016-01-13T00:00:00Z,2815
2016-01-14T00:00:00Z,2751
2016-01-15T00:00:00Z,3123
2016-01-16T00:00:00Z,2662
2016-01-17T00:00:00Z,2578
2016-01-18T00:00:00Z,3050
2016-01-19T00:00:00Z,2844
2016-01-20T00:00:00Z,3349
2016-01-21T00:00:00Z,2900
2016-01-22T00:00:00Z,2976
2016-01-23T00:00:00Z,3408
2016-01-24T00:00:00Z,3820
2016-01-25T00:00:00Z,4035
2016-01-26T00:00:00Z,4326
2016-01-27T00:00:00Z,4051
2016-01-28T00:00:00Z,4459
2016-01-29T00:00:00Z,4313
2016-01-30T00:00:00Z,4335
2016-01-31T00:00:00Z,4390
2016-02-01T00:00:00Z,4194
2016-02-02T00:00:00Z,4161
2016-02-03T00:00:00Z,4325
2016-02-04T00:00:00Z,4077
2016-02-05T00:00:00Z,4697
2016-02-06T00:00:00Z,3836
2016-02-07T00:00:00Z,4053
2016-02-08T00:00:00Z,4492
2016-02-09T00:00:00Z,4755
2016-02-10T00:00:00Z,6029
2016-02-11T00:00:00Z,7678
2016-02-12T00:00:00Z,6480
2016-02-13T00:00:00Z,6064
2016-02-14T00:00:00Z,5542
2016-02-15T00:00:00Z,5680
2016-02-16T00:00:00Z,5680
2016-02-17T00:00:00Z,5726
2016-02-18T00:00:00Z,5531
2016-02-19T00:00:00Z,5524
2016-02-20T00:00:00Z,5224
2016-02-21T00:00:00Z,6281
2016-02-22T00:00:00Z,6000
2016-02-23T00:00:00Z,6043
2016-02-24T00:00:00Z,6031
2016-02-25T00:00:00Z,6599
2016-02-26T00:00:00Z,5922
2016-02-27T00:00:00Z,5917
2016-02-28T00:00:00Z,6495
2016-02-29T00:00:00Z,7113
2016-03-01T00:00:00Z,7653
2016-03-02T00:00:00Z,8541
2016-03-03T00:00:00Z,9058
2016-03-04T00:00:00Z,8973
2016-03-05T00:00:00Z,10056
2016-03-06T00:00:00Z,9723
2016-03-07T00:00:00Z,8041
2016-03-08T00:00:00Z,9468
2016-03-09T00:00:00Z,9247
2016-03-10T00:00:00Z,9809
2016-03-11T00:00:00Z,9475
2016-03-12T00:00:00Z,9979
2016-03-13T00:00:00Z,10160
2016-03-14T00:00:00Z,10419
2016-03-15T00:00:00Z,10362
2016-03-16T00:00:00Z,9643
2016-03-17T00:00:00Z,10279
2016-03-18T00:00:00Z,10754
2016-03-19T00:00:00Z,9578
2016-03-20T00:00:00Z,10071
2016-03-21T00:00:00Z,10316
2016-03-22T00:00:00Z,9765
2016-03-23T00:00:00Z,10090
2016-03-24T00:00:00Z,10061
2016-03-25T00:00:00Z,10022
2016-03-26T00:00:00Z,9844
2016-03-27T00:00:00Z,10646
2016-03-28T00:00:00Z,10791
2016-03-29T00:00:00Z,12247
2016-03-30T00:00:00Z,12342
2016-03-31T00:00:00Z,11282
2016-04-01T00:00:00Z,10943
2016-04-02T00:00:00Z,10753
2016-04-03T00:00:00Z,10808
2016-04-04T00:00:00Z,11653
2016-04-05T00:00:00Z,12088
2016-04-06T00:00:00Z,11866
2016-04-07T00:00:00Z,11746
2016-04-08T00:00:00Z,11561
2016-04-09T00:00:00Z,11973
2016-04-10T00:00:00Z,12823
2016-04-11T00:00:00Z,12055
2016-04-12T00:00:00Z,12593
2016-04-13T00:00:00Z,12899
2016-04-14T00:00:00Z,12314
2016-04-15T00:00:00Z,11835
2016-04-16T00:00:00Z,11883
2016-04-17T00:00:00Z,12504
2016-04-18T00:00:00Z,12483
2016-04-19T00:00:00Z,12426
2016-04-20T00:00:00Z,12673
2016-04-21T00:00:00Z,12669
2016-04-22T00:00:00Z,12799
2016-04-23T00:00:00Z,12583
2016-04-24T00:00:00Z,12690
2016-04-25T00:00:00Z,13177
2016-04-26T00:00:00Z,13364
2016-04-27T00:00:00Z,13224
2016-04-28T00:00:00Z,12983
2016-04-29T00:00:00Z,14976
2016-04-30T00:00:00Z,19611
2016-05-01T00:00:00Z,14479
2016-05-02T00:00:00Z,17567
2016-05-03T00:00:00Z,14860
2016-05-04T00:00:00Z,14505
2016-05-05T00:00:00Z,14744
2016-05-06T00:00:00Z,14554
2016-05-07T00:00:00Z,14178
2016-05-08T00:00:00Z,14755
2016-05-09T00:00:00Z,15260
2016-05-10T00:00:00Z,15268
2016-05-11T00:00:00Z,16717
2016-05-12T00:00:00Z,17089
2016-05-13T00:00:00Z,18465
2016-05-14T00:00:00Z,16621
2016-05-15T00:00:00Z,16064
2016-05-16T00:00:00Z,15238
2016-05-17T00:00:00Z,16863
2016-05-18T00:00:00Z,19489
2016-05-19T00:00:00Z,18314
2016-05-20T00:00:00Z,17280
2016-05-21T00:00:00Z,16620
2016-05-22T00:00:00Z,15530
2016-05-23T00:00:00Z,18092
2016-05-24T00:00:00Z,17235
2016-05-25T00:00:00Z,17693
2016-05-26T00:00:00Z,24287
2016-05-27T00:00:00Z,19744
2016-05-28T00:00:00Z,25544
2016-05-29T00:00:00Z,18706
2016-05-30T00:00:00Z,17487
2016-05-31T00:00:00Z,18200
2016-06-01T00:00:00Z,17471
2016-06-02T00:00:00Z,17310
2016-06-03T00:00:00Z,16840
2016-06-04T00:00:00Z,16484
2016-06-05T00:00:00Z,16415
2016-06-06T00:00:00Z,17397
2016-06-07T00:00:00Z,17181
2016-06-08T00:00:00Z,17766
2016-06-09T00:00:00Z,17185
2016-06-10T00:00:00Z,17659
2016-06-11T00:00:00Z,14553
2016-06-12T00:00:00Z,18465
2016-06-13T00:00:00Z,21140
2016-06-14T00:00:00Z,21319
2016-06-15T00:00:00Z,19187
2016-06-16T00:00:00Z,17828
2016-06-17T00:00:00Z,26354
2016-06-18T00:00:00Z,24486
2016-06-19T00:00:00Z,21456
2016-06-20T00:00:00Z,20532
2016-06-21T00:00:00Z,20608
2016-06-22T00:00:00Z,22393
2016-06-23T00:00:00Z,18940
2016-06-24T00:00:00Z,19518
2016-06-25T00:00:00Z,17609
2016-06-26T00:00:00Z,21197
2016-06-27T00:00:00Z,18432
2016-06-28T00:00:00Z,20213
2016-06-29T00:00:00Z,18991
2016-06-30T00:00:00Z,19106
2016-07-01T00:00:00Z,18562
2016-07-02T00:00:00Z,19145
2016-07-03T00:00:00Z,18775
2016-07-04T00:00:00Z,19737
2016-07-05T00:00:00Z,19608
2016-07-06T00:00:00Z,18924
2016-07-07T00:00:00Z,19130
2016-07-08T00:00:00Z,19837
2016-07-09T00:00:00Z,19173
2016-07-10T00:00:00Z,19159
2016-07-11T00:00:00Z,18932
2016-07-12T00:00:00Z,19651
2016-07-13T00:00:00Z,17205
2016-07-14T00:00:00Z,19786
2016-07-15T00:00:00Z,19457
2016-07-16T00:00:00Z,18610
2016-07-17T00:00:00Z,16013
2016-07-18T00:00:00Z,17847
2016-07-19T00:00:00Z,25044
2016-07-20T00:00:00Z,22493
2016-07-21T00:00:00Z,21039
2016-07-22T00:00:00Z,23004
2016-07-23T00:00:00Z,20878
2016-07-24T00:00:00Z,26637
2016-07-25T00:00:00Z,23698
2016-07-26T00:00:00Z,29171
2016-07-27T00:00:00Z,27063
2016-07-28T00:00:00Z,23671
2016-07-29T00:00:00Z,21494
2016-07-30T00:00:00Z,20187
2016-07-31T00:00:00Z,21040
2016-08-01T00:00:00Z,21222
2016-08-02T00:00:00Z,19826
2016-08-03T00:00:00Z,22237
2016-08-04T00:00:00Z,21438
2016-08-05T00:00:00Z,20380
2016-08-06T00:00:00Z,19228
2016-08-07T00:00:00Z,19742
2016-08-08T00:00:00Z,19703
2016-08-09T00:00:00Z,21974
2016-08-10T00:00:00Z,20357
2016-08-11T00:00:00Z,21918
2016-08-12T00:00:00Z,19469
2016-08-13T00:00:00Z,19010
2016-08-14T00:00:00Z,19163
2016-08-15T00:00:00Z,19558
2016-08-16T00:00:00Z,20519
2016-08-17T00:00:00Z,19652
2016-08-18T00:00:00Z,19246
2016-08-19T00:00:00Z,19604
2016-08-20T00:00:00Z,19362
2016-08-21T00:00:00Z,19692
2016-08-22T00:00:00Z,19699
2016-08-23T00:00:00Z,21158
2016-08-24T00:00:00Z,19573
2016-08-25T00:00:00Z,21100
2016-08-26T00:00:00Z,19665
2016-08-27T00:00:00Z,19491
2016-08-28T00:00:00Z,19818
2016-08-29T00:00:00Z,20768
2016-08-30T00:00:00Z,19899
2016-08-31T00:00:00Z,21425
2016-09-01T00:00:00Z,21651
2016-09-02T00:00:00Z,21064
2016-09-03T00:00:00Z,19971
2016-09-04T00:00:00Z,19893
2016-09-05T00:00:00Z,19944
2016-09-06T00:00:00Z,20349
2016-09-07T00:00:00Z,19309
2016-09-08T00:00:00Z,22067
2016-09-09T00:00:00Z,20191
2016-09-10T00:00:00Z,19816
2016-09-11T00:00:00Z,20428
2016-09-12T00:00:00Z,20870
2016-09-13T00:00:00Z,20394
2016-09-14T00:00:00Z,20026
2016-09-15T00:00:00Z,20788
2016-09-16T00:00:00Z,21062
2016-09-17T00:00:00Z,20895
2016-09-18T00:00:00Z,19311
2016-09-19T00:00:00Z,20815
2016-09-20T00:00:00Z,24152
2016-09-21T00:00:00Z,20483
2016-09-22T00:00:00Z,17285
2016-09-23T00:00:00Z,17889
2016-09-24T00:00:00Z,18289
2016-09-25T00:00:00Z,17628
2016-09-26T00:00:00Z,17398
2016-09-27T00:00:00Z,17141
2016-09-28T00:00:00Z,18540
2016-09-29T00:00:00Z,17889
2016-09-30T00:00:00Z,17196
2016-10-01T00:00:00Z,19349
2016-10-02T00:00:00Z,19982
2016-10-03T00:00:00Z,18278
2016-10-04T00:00:00Z,15561
2016-10-05T00:00:00Z,16294
2016-10-06T00:00:00Z,16683
2016-10-07T00:00:00Z,19006
2016-10-08T00:00:00Z,18750
2016-10-09T00:00:00Z,19060
2016-10-10T00:00:00Z,20207
2016-10-11T00:00:00Z,17375
2016-10-12T00:00:00Z,11622
2016-10-13T00:00:00Z,9196
2016-10-14T00:00:00Z,15787
2016-10-15T00:00:00Z,12309
2016-10-16T00:00:00Z,14286
2016-10-17T00:00:00Z,16627
2016-10-18T00:00:00Z,20390
2016-10-19T00:00:00Z,14025
2016-10-20T00:00:00Z,20543
2016-10-21T00:00:00Z,22984
2016-10-22T00:00:00Z,18578
2016-10-23T00:00:00Z,17409
2016-10-24T00:00:00Z,18471
2016-10-25T00:00:00Z,18391
2016-10-26T00:00:00Z,18388
2016-10-27T00:00:00Z,18303
2016-10-28T00:00:00Z,18200
2016-10-29T00:00:00Z,16895
2016-10-30T00:00:00Z,15090
2016-10-31T00:00:00Z,19716
2016-11-01T00:00:00Z,19995
2016-11-02T00:00:00Z,20903
2016-11-03T00:00:00Z,19168
2016-11-04T00:00:00Z,13161
2016-11-05T00:00:00Z,16302
2016-11-06T00:00:00Z,14769
2016-11-07T00:00:00Z,17912
2016-11-08T00:00:00Z,16634
2016-11-09T00:00:00Z,17118
2016-11-10T00:00:00Z,15675
2016-11-11T00:00:00Z,17355
2016-11-12T00:00:00Z,16049
2016-11-13T00:00:00Z,17374
2016-11-14T00:00:00Z,15696
2016-11-15T00:00:00Z,16864
2016-11-16T00:00:00Z,15608
2016-11-17T00:00:00Z,15664
2016-11-18T00:00:00Z,16174
2016-11-19T00:00:00Z,15527
2016-11-20T00:00:00Z,16184
2016-11-21T00:00:00Z,15905
2016-11-22T00:00:00Z,29333
2016-11-23T00:00:00Z,38690
2016-11-24T00:00:00Z,15802
2016-11-25T00:00:00Z,27720
2016-11-26T00:00:00Z,14408
2016-11-27T00:00:00Z,15693
2016-11-28T00:00:00Z,16437
2016-11-29T00:00:00Z,15063
2016-11-30T00:00:00Z,16222
2016-12-01T00:00:00Z,14715
2016-12-02T00:00:00Z,16556
2016-12-03T00:00:00Z,16472
2016-12-04T00:00:00Z,16946
2016-12-05T00:00:00Z,15877
2016-12-06T00:00:00Z,18086
2016-12-07T00:00:00Z,14955
2016-12-08T00:00:00Z,15091
2016-12-09T00:00:00Z,16041
2016-12-10T00:00:00Z,14647
2016-12-11T00:00:00Z,15171
2016-12-12T00:00:00Z,15800
2016-12-13T00:00:00Z,14426
2016-12-14T00:00:00Z,16366
2016-12-15T00:00:00Z,17342
2016-12-16T00:00:00Z,16129
2016-12-17T00:00:00Z,14792
2016-12-18T00:00:00Z,13456
2016-12-19T00:00:00Z,16628
2016-12-20T00:00:00Z,16558
2016-12-21T00:00:00Z,15826
2016-12-22T00:00:00Z,22937
2016-12-23T00:00:00Z,17157
2016-12-24T00:00:00Z,15106
2016-12-25T00:00:00Z,13699
2016-12-26T00:00:00Z,13753
2016-12-27T00:00:00Z,14339
2016-12-28T00:00:00Z,15062
2016-12-29T00:00:00Z,15042
2016-12-30T00:00:00Z,15501
2016-12-31T00:00:00Z,15400
2017-01-01T00:00:00Z,13695
2017-01-02T00:00:00Z,14916
2017-01-03T00:00:00Z,14612
2017-01-04T00:00:00Z,17688
2017-01-05T00:00:00Z,18556
2017-01-06T00:00:00Z,16828
2017-01-07T00:00:00Z,16353
2017-01-08T00:00:00Z,15423
2017-01-09T00:00:00Z,17012
2017-01-10T00:00:00Z,16033
2017-01-11T00:00:00Z,16114
2017-01-12T00:00:00Z,17244
2017-01-13T00:00:00Z,16395
2017-01-14T00:00:00Z,15653
2017-01-15T00:00:00Z,15980
2017-01-16T00:00:00Z,16685
2017-01-17T00:00:00Z,17444
2017-01-18T00:00:00Z,16307
2017-01-19T00:00:00Z,16179
2017-01-20T00:00:00Z,17870
2017-01-21T00:00:00Z,16126
2017-01-22T00:00:00Z,16266
2017-01-23T00:00:00Z,16462
2017-01-24T00:00:00Z,17417
2017-01-25T00:00:00Z,16199
2017-01-26T00:00:00Z,16431
2017-01-27T00:00:00Z,16081
2017-01-28T00:00:00Z,16088
2017-01-29T00:00:00Z,15472
2017-01-30T00:00:00Z,16731
2017-01-31T00:00:00Z,15702
2017-02-01T00:00:00Z,16291
2017-02-02T00:00:00Z,16344
2017-02-03T00:00:00Z,15984
2017-02-04T00:00:00Z,16880
2017-02-05T00:00:00Z,16934
2017-02-06T00:00:00Z,16222
2017-02-07T00:00:00Z,16512
2017-02-08T00:00:00Z,16933
2017-02-09T00:00:00Z,17008
2017-02-10T00:00:00Z,16920
2017-02-11T00:00:00Z,15889
2017-02-12T00:00:00Z,16993
2017-02-13T00:00:00Z,18332
2017-02-14T00:00:00Z,19122
2017-02-15T00:00:00Z,19126
2017-02-16T00:00:00Z,18244
2017-02-17T00:00:00Z,18030
2017-02-18T00:00:00Z,18016
2017-02-19T00:00:00Z,17208
2017-02-20T00:00:00Z,18484
2017-02-21T00:00:00Z,18234
2017-02-22T00:00:00Z,18186
2017-02-23T00:00:00Z,17744
2017-02-24T00:00:00Z,19618
2017-02-25T00:00:00Z,18678
2017-02-26T00:00:00Z,18723
2017-02-27T00:00:00Z,20065
2017-02-28T00:00:00Z,23008
2017-03-01T00:00:00Z,24640
2017-03-02T00:00:00Z,31671
2017-03-03T00:00:00Z,26417
2017-03-04T00:00:00Z,23528
2017-03-05T00:00:00Z,22794
2017-03-06T00:00:00Z,23216
2017-03-07T00:00:00Z,21801
2017-03-08T00:00:00Z,21949
2017-03-09T00:00:00Z,25259
2017-03-10T00:00:00Z,24360
2017-03-11T00:00:00Z,24568
2017-03-12T00:00:00Z,26279
2017-03-13T00:00:00Z,34416
2017-03-14T00:00:00Z,30083
2017-03-15T00:00:00Z,31515
2017-03-16T00:00:00Z,44081
2017-03-17T00:00:00Z,43475
2017-03-18T00:00:00Z,36139
2017-03-19T00:00:00Z,31688
2017-03-20T00:00:00Z,32258
2017-03-21T00:00:00Z,32893
2017-03-22T00:00:00Z,30363
2017-03-23T00:00:00Z,30333
2017-03-24T00:00:00Z,35997
2017-03-25T00:00:00Z,33765
2017-03-26T00:00:00Z,30223
2017-03-27T00:00:00Z,33502
2017-03-28T00:00:00Z,32428
2017-03-29T00:00:00Z,33236
2017-03-30T00:00:00Z,38687
2017-03-31T00:00:00Z,44805
2017-04-01T00:00:00Z,32141
2017-04-02T00:00:00Z,35568
2017-04-03T00:00:00Z,42695
2017-04-04T00:00:00Z,35370
2017-04-05T00:00:00Z,35431
2017-04-06T00:00:00Z,40185
2017-04-07T00:00:00Z,32326
2017-04-08T00:00:00Z,29289
2017-04-09T00:00:00Z,28595
2017-04-10T00:00:00Z,31474
2017-04-11T00:00:00Z,30656
2017-04-12T00:00:00Z,32285
2017-04-13T00:00:00Z,34002
2017-04-14T00:00:00Z,32489
2017-04-15T00:00:00Z,30928
2017-04-16T00:00:00Z,27796
2017-04-17T00:00:00Z,29452
2017-04-18T00:00:00Z,34009
2017-04-19T00:00:00Z,34289
2017-04-20T00:00:00Z,35689
2017-04-21T00:00:00Z,31503
2017-04-22T00:00:00Z,30617
2017-04-23T00:00:00Z,30808
2017-04-24T00:00:00Z,35263
2017-04-25T00:00:00Z,33686
2017-04-26T00:00:00Z,40987
2017-04-27T00:00:00Z,47033
2017-04-28T00:00:00Z,42618
2017-04-29T00:00:00Z,39482
2017-04-30T00:00:00Z,41952
2017-05-01T00:00:00Z,48068
2017-05-02T00:00:00Z,45636
2017-05-03T00:00:00Z,41350
2017-05-04T00:00:00Z,51304
2017-05-05T00:00:00Z,50095
2017-05-06T00:00:00Z,42975
2017-05-07T00:00:00Z,48071
2017-05-08T00:00:00Z,55752
2017-05-09T00:00:00Z,51882
2017-05-10T00:00:00Z,50549
2017-05-11T00:00:00Z,52736
2017-05-12T00:00:00Z,47082
2017-05-13T00:00:00Z,42604
2017-05-14T00:00:00Z,44514
2017-05-15T00:00:00Z,52248
2017-05-16T00:00:00Z,51916
2017-05-17T00:00:00Z,59459
2017-05-18T00:00:00Z,59035
2017-05-19T00:00:00Z,72064
2017-05-20T00:00:00Z,52675
2017-05-21T00:00:00Z,60677
2017-05-22T00:00:00Z,76476
2017-05-23T00:00:00Z,84426
2017-05-24T00:00:00Z,82146
2017-05-25T00:00:00Z,81901
2017-05-26T00:00:00Z,75678
2017-05-27T00:00:00Z,65270
2017-05-28T00:00:00Z,63973
2017-05-29T00:00:00Z,69562
2017-05-30T00:00:00Z,84007
2017-05-31T00:00:00Z,102402
2017-06-01T00:00:00Z,95595
2017-06-02T00:00:00Z,80264
2017-06-03T00:00:00Z,79329
2017-06-04T00:00:00Z,81575
2017-06-05T00:00:00Z,90299
2017-06-06T00:00:00Z,93592
2017-06-07T00:00:00Z,91758
2017-06-08T00:00:00Z,87234
2017-06-09T00:00:00Z,98331
2017-06-10T00:00:00Z,102761
2017-06-11T00:00:00Z,116037
2017-06-12T00:00:00Z,143038
2017-06-13T00:00:00Z,140491
2017-06-14T00:00:00Z,125473
2017-06-15T00:00:00Z,128654
2017-06-16T00:00:00Z,115990
2017-06-17T00:00:00Z,114297
2017-06-18T00:00:00Z,117416
2017-06-19T00:00:00Z,135673
2017-06-20T00:00:00Z,149150
2017-06-21T00:00:00Z,119668
2017-06-22T00:00:00Z,144497
2017-06-23T00:00:00Z,140575
2017-06-24T00:00:00Z,124772
2017-06-25T00:00:00Z,118434
2017-06-26T00:00:00Z,161094
2017-06-27T00:00:00Z,130722
2017-06-28T00:00:00Z,133105
2017-06-29T00:00:00Z,128143
2017-06-30T00:00:00Z,125613
2017-07-01T00:00:00Z,118104
2017-07-02T00:00:00Z,116149
2017-07-03T00:00:00Z,139504
2017-07-04T00:00:00Z,136998
2017-07-05T00:00:00Z,125726
2017-07-06T00:00:00Z,123558
2017-07-07T00:00:00Z,141222
2017-07-08T00:00:00Z,114568
2017-07-09T00:00:00Z,106591
2017-07-10T00:00:00Z,136397
2017-07-11T00:00:00Z,136938
2017-07-12T00:00:00Z,131339
2017-07-13T00:00:00Z,117609
2017-07-14T00:00:00Z,115928
2017-07-15T00:00:00Z,107688
2017-07-16T00:00:00Z,114090
2017-07-17T00:00:00Z,115784
2017-07-18T00:00:00Z,124659
2017-07-19T00:00:00Z,127989
2017-07-20T00:00:00Z,123360
2017-07-21T00:00:00Z,116402
2017-07-22T00:00:00Z,99867
2017-07-23T00:00:00Z,134703
2017-07-24T00:00:00Z,118331
2017-07-25T00:00:00Z,114825
2017-07-26T00:00:00Z,106966
2017-07-27T00:00:00Z,113766
2017-07-28T00:00:00Z,116632
2017-07-29T00:00:00Z,96659
2017-07-30T00:00:00Z,108275
2017-07-31T00:00:00Z,134872
2017-08-01T00:00:00Z,106107
2017-08-02T00:00:00Z,110900
2017-08-03T00:00:00Z,109546
2017-08-04T00:00:00Z,121245
2017-08-05T00:00:00Z,119543
2017-08-06T00:00:00Z,118304
2017-08-07T00:00:00Z,128780
2017-08-08T00:00:00Z,148110
2017-08-09T00:00:00Z,134365
2017-08-10T00:00:00Z,154590
2017-08-11T00:00:00Z,155324
2017-08-12T00:00:00Z,144077
2017-08-13T00:00:00Z,143119
2017-08-14T00:00:00Z,181133
2017-08-15T00:00:00Z,179535
2017-08-16T00:00:00Z,177618
2017-08-17T00:00:00Z,181314
2017-08-18T00:00:00Z,189599
2017-08-19T00:00:00Z,167049
2017-08-20T00:00:00Z,142439
2017-08-21T00:00:00Z,175160
2017-08-22T00:00:00Z,160695
2017-08-23T00:00:00Z,173228
2017-08-24T00:00:00Z,156441
2017-08-25T00:00:00Z,166765
2017-08-26T00:00:00Z,134774
2017-08-27T00:00:00Z,138709
2017-08-28T00:00:00Z,161713
2017-08-29T00:00:00Z,175887
2017-08-30T00:00:00Z,185483
2017-08-31T00:00:00Z,185903
2017-09-01T00:00:00Z,179046
2017-09-02T00:00:00Z,152765
2017-09-03T00:00:00Z,138701
2017-09-04T00:00:00Z,204530
2017-09-05T00:00:00Z,195551
2017-09-06T00:00:00Z,208473
2017-09-07T00:00:00Z,188523
2017-09-08T00:00:00Z,192467
2017-09-09T00:00:00Z,166105
2017-09-10T00:00:00Z,150663
2017-09-11T00:00:00Z,173113
2017-09-12T00:00:00Z,196272
2017-09-13T00:00:00Z,170419
2017-09-14T00:00:00Z,190503
2017-09-15T00:00:00Z,204789
2017-09-16T00:00:00Z,154075
2017-09-17T00:00:00Z,136941
2017-09-18T00:00:00Z,178749
2017-09-19T00:00:00Z,162817
2017-09-20T00:00:00Z,147836
2017-09-21T00:00:00Z,142841
2017-09-22T00:00:00Z,121254
2017-09-23T00:00:00Z,121411
2017-09-24T00:00:00Z,124421
2017-09-25T00:00:00Z,137119
2017-09-26T00:00:00Z,131153
2017-09-27T00:00:00Z,135765
2017-09-28T00:00:00Z,147791
2017-09-29T00:00:00Z,156714
2017-09-30T00:00:00Z,133151
2017-10-01T00:00:00Z,124278
2017-10-02T00:00:00Z,140401
2017-10-03T00:00:00Z,141331
2017-10-04T00:00:00Z,129059
2017-10-05T00:00:00Z,135034
2017-10-06T00:00:00Z,132567
2017-10-07T00:00:00Z,127245
2017-10-08T00:00:00Z,128629
2017-10-09T00:00:00Z,135126
2017-10-10T00:00:00Z,154041
2017-10-11T00:00:00Z,155522
2017-10-12T00:00:00Z,153890
2017-10-13T00:00:00Z,170469
2017-10-14T00:00:00Z,145289
2017-10-15T00:00:00Z,139572
2017-10-16T00:00:00Z,144220
2017-10-17T00:00:00Z,189570
2017-10-18T00:00:00Z,165342
2017-10-19T00:00:00Z,156856
2017-10-20T00:00:00Z,170173
2017-10-21T00:00:00Z,160742
2017-10-22T00:00:00Z,186909
2017-10-23T00:00:00Z,166494
2017-10-24T00:00:00Z,170165
2017-10-25T00:00:00Z,154253
2017-10-26T00:00:00Z,162618
2017-10-27T00:00:00Z,154874
2017-10-28T00:00:00Z,146002
2017-10-29T00:00:00Z,153401
2017-10-30T00:00:00Z,166123
2017-10-31T00:00:00Z,182932
2017-11-01T00:00:00Z,202644
2017-11-02T00:00:00Z,220466
2017-11-03T00:00:00Z,186478
2017-11-04T00:00:00Z,151330
2017-11-05T00:00:00Z,150763
2017-11-06T00:00:00Z,174732
2017-11-07T00:00:00Z,175979
2017-11-08T00:00:00Z,189926
2017-11-09T00:00:00Z,190626
2017-11-10T00:00:00Z,188493
2017-11-11T00:00:00Z,160347
2017-11-12T00:00:00Z,183910
2017-11-13T00:00:00Z,181225
2017-11-14T00:00:00Z,199988
2017-11-15T00:00:00Z,223244
2017-11-16T00:00:00Z,202645
2017-11-17T00:00:00Z,212944
2017-11-18T00:00:00Z,183780
2017-11-19T00:00:00Z,189524
2017-11-20T00:00:00Z,219476
2017-11-21T00:00:00Z,218139
2017-11-22T00:00:00Z,220795
2017-11-23T00:00:00Z,225891
2017-11-24T00:00:00Z,218081
2017-11-25T00:00:00Z,216984
2017-11-26T00:00:00Z,220373
2017-11-27T00:00:00Z,260656
2017-11-28T00:00:00Z,278303
2017-11-29T00:00:00Z,299281
2017-11-30T00:00:00Z,285565
2017-12-01T00:00:00Z,268631
2017-12-02T00:00:00Z,271028
2017-12-03T00:00:00Z,293629
2017-12-04T00:00:00Z,276215
2017-12-05T00:00:00Z,289577
2017-12-06T00:00:00Z,380313
2017-12-07T00:00:00Z,290036
2017-12-08T00:00:00Z,330413
2017-12-09T00:00:00Z,311016
2017-12-10T00:00:00Z,312247
2017-12-11T00:00:00Z,380294
2017-12-12T00:00:00Z,410522
2017-12-13T00:00:00Z,435675
2017-12-14T00:00:00Z,461722
2017-12-15T00:00:00Z,425951
2017-12-16T00:00:00Z,401509
2017-12-17T00:00:00Z,399637
2017-12-18T00:00:00Z,468630
2017-12-19T00:00:00Z,501139
2017-12-20T00:00:00Z,491617
2017-12-21T00:00:00Z,535598
2017-12-22T00:00:00Z,565433
2017-12-23T00:00:00Z,449595
2017-12-24T00:00:00Z,345239
2017-12-25T00:00:00Z,358548
2017-12-26T00:00:00Z,395997
2017-12-27T00:00:00Z,424109
2017-12-28T00:00:00Z,451719
2017-12-29T00:00:00Z,543083
2017-12-30T00:00:00Z,581059
2017-12-31T00:00:00Z,439879
2018-01-01T00:00:00Z,451998
2018-01-02T00:00:00Z,586797
2018-01-03T00:00:00Z,629392
2018-01-04T00:00:00Z,702940
2018-01-05T00:00:00Z,690235
2018-01-06T00:00:00Z,657053
2018-01-07T00:00:00Z,596175
2018-01-08T00:00:00Z,643389
2018-01-09T00:00:00Z,699229
2018-01-10T00:00:00Z,642920
2018-01-11T00:00:00Z,646356
2018-01-12T00:00:00Z,590107
2018-01-13T00:00:00Z,628030
2018-01-14T00:00:00Z,573315
2018-01-15T00:00:00Z,689905
2018-01-16T00:00:00Z,714225
2018-01-17T00:00:00Z,700017
2018-01-18T00:00:00Z,666438
2018-01-19T00:00:00Z,527087
2018-01-20T00:00:00Z,447804
2018-01-21T00:00:00Z,581373
2018-01-22T00:00:00Z,494049
2018-01-23T00:00:00Z,455973
2018-01-24T00:00:00Z,436862
2018-01-25T00:00:00Z,356979
2018-01-26T00:00:00Z,462472
2018-01-27T00:00:00Z,400533
2018-01-28T00:00:00Z,418541
2018-01-29T00:00:00Z,446137
2018-01-30T00:00:00Z,432135
2018-01-31T00:00:00Z,434297
2018-02-01T00:00:00Z,483961
2018-02-02T00:00:00Z,477848
2018-02-03T00:00:00Z,386100
2018-02-04T00:00:00Z,390788
2018-02-05T00:00:00Z,420605
2018-02-06T00:00:00Z,425657
2018-02-07T00:00:00Z,390899
2018-02-08T00:00:00Z,318872
2018-02-09T00:00:00Z,369110
2018-02-10T00:00:00Z,389413
2018-02-11T00:00:00Z,346086
2018-02-12T00:00:00Z,394940
2018-02-13T00:00:00Z,336310
2018-02-14T00:00:00Z,355600
2018-02-15T00:00:00Z,367990
2018-02-16T00:00:00Z,311007
2018-02-17T00:00:00Z,316744
2018-02-18T00:00:00Z,312835
2018-02-19T00:00:00Z,354249
2018-02-20T00:00:00Z,375920
2018-02-21T00:00:00Z,348747
2018-02-22T00:00:00Z,327243
2018-02-23T00:00:00Z,313928
2018-02-24T00:00:00Z,280631
2018-02-25T00:00:00Z,280732
2018-02-26T00:00:00Z,349032
2018-02-27T00:00:00Z,331637
2018-02-28T00:00:00Z,356756
2018-03-01T00:00:00Z,325983
2018-03-02T00:00:00Z,334720
2018-03-03T00:00:00Z,292902
2018-03-04T00:00:00Z,272420
2018-03-05T00:00:00Z,341039
2018-03-06T00:00:00Z,344292
2018-03-07T00:00:00Z,446567
2018-03-08T00:00:00Z,328651
2018-03-09T00:00:00Z,316142
2018-03-10T00:00:00Z,294827
2018-03-11T00:00:00Z,269455
2018-03-12T00:00:00Z,310872
2018-03-13T00:00:00Z,318086
2018-03-14T00:00:00Z,340814
2018-03-15T00:00:00Z,317769
2018-03-16T00:00:00Z,299714
2018-03-17T00:00:00Z,271646
2018-03-18T00:00:00Z,308344
2018-03-19T00:00:00Z,346002
2018-03-20T00:00:00Z,309062
2018-03-21T00:00:00Z,321548
2018-03-22T00:00:00Z,304806
2018-03-23T00:00:00Z,360771
2018-03-24T00:00:00Z,323054
2018-03-25T00:00:00Z,239379
2018-03-26T00:00:00Z,298471
2018-03-27T00:00:00Z,276378
2018-03-28T00:00:00Z,263701
2018-03-29T00:00:00Z,284767
2018-03-30T00:00:00Z,302697
2018-03-31T00:00:00Z,258005
2018-04-01T00:00:00Z,241667
2018-04-02T00:00:00Z,272345
2018-04-03T00:00:00Z,295636
2018-04-04T00:00:00Z,277388
2018-04-05T00:00:00Z,321740
2018-04-06T00:00:00Z,296087
2018-04-07T00:00:00Z,256927
2018-04-08T00:00:00Z,276349
2018-04-09T00:00:00Z,299876
2018-04-10T00:00:00Z,273718
2018-04-11T00:00:00Z,282619
2018-04-12T00:00:00Z,319473
2018-04-13T00:00:00Z,324122
2018-04-14T00:00:00Z,274467
2018-04-15T00:00:00Z,280462
2018-04-16T00:00:00Z,298025
2018-04-17T00:00:00Z,318108
2018-04-18T00:00:00Z,303442
2018-04-19T00:00:00Z,336554
2018-04-20T00:00:00Z,353036
2018-04-21T00:00:00Z,362104
2018-04-22T00:00:00Z,375269
2018-04-23T00:00:00Z,398853
2018-04-24T00:00:00Z,397119
2018-04-25T00:00:00Z,352729
2018-04-26T00:00:00Z,347314
2018-04-27T00:00:00Z,329409
2018-04-28T00:00:00Z,334905
2018-04-29T00:00:00Z,309662
2018-04-30T00:00:00Z,349845
2018-05-01T00:00:00Z,316590
2018-05-02T00:00:00Z,352782
2018-05-03T00:00:00Z,384820
2018-05-04T00:00:00Z,636842
2018-05-05T00:00:00Z,386029
2018-05-06T00:00:00Z,365220
2018-05-07T00:00:00Z,387600
2018-05-08T00:00:00Z,392906
2018-05-09T00:00:00Z,380628
2018-05-10T00:00:00Z,377753
2018-05-11T00:00:00Z,378266
2018-05-12T00:00:00Z,362743
2018-05-13T00:00:00Z,347440
2018-05-14T00:00:00Z,384986
2018-05-15T00:00:00Z,390493
2018-05-16T00:00:00Z,401754
2018-05-17T00:00:00Z,402182
2018-05-18T00:00:00Z,402564
2018-05-19T00:00:00Z,400723
2018-05-20T00:00:00Z,370323
2018-05-21T00:00:00Z,385610
2018-05-22T00:00:00Z,401508
2018-05-23T00:00:00Z,396809
2018-05-24T00:00:00Z,407598
2018-05-25T00:00:00Z,382613
2018-05-26T00:00:00Z,364419
2018-05-27T00:00:00Z,386427
2018-05-28T00:00:00Z,434911
2018-05-29T00:00:00Z,398413
2018-05-30T00:00:00Z,400827
2018-05-31T00:00:00Z,407822
2018-06-01T00:00:00Z,363396
2018-06-02T00:00:00Z,390600
2018-06-03T00:00:00Z,401453
2018-06-04T00:00:00Z,382946
2018-06-05T00:00:00Z,369706
2018-06-06T00:00:00Z,364224
2018-06-07T00:00:00Z,390856
2018-06-08T00:00:00Z,353661
2018-06-09T00:00:00Z,377206
2018-06-10T00:00:00Z,375340
2018-06-11T00:00:00Z,379350
2018-06-12T00:00:00Z,333131
2018-06-13T00:00:00Z,355800
2018-06-14T00:00:00Z,359735
2018-06-15T00:00:00Z,374176
2018-06-16T00:00:00Z,296327
2018-06-17T00:00:00Z,312235
2018-06-18T00:00:00Z,327097
2018-06-19T00:00:00Z,360185
2018-06-20T00:00:00Z,372228
2018-06-21T00:00:00Z,366233
2018-06-22T00:00:00Z,372048
2018-06-23T00:00:00Z,325471
2018-06-24T00:00:00Z,337647
2018-06-25T00:00:00Z,476642
2018-06-26T00:00:00Z,363353
2018-06-27T00:00:00Z,373569
2018-06-28T00:00:00Z,384881
2018-06-29T00:00:00Z,364242
2018-06-30T00:00:00Z,247996
2018-07-01T00:00:00Z,193411
2018-07-02T00:00:00Z,232096
2018-07-03T00:00:00Z,227933
2018-07-04T00:00:00Z,225808
2018-07-05T00:00:00Z,247255
2018-07-06T00:00:00Z,215491
2018-07-07T00:00:00Z,212632
2018-07-08T00:00:00Z,266212
2018-07-09T00:00:00Z,282604
2018-07-10T00:00:00Z,284996
2018-07-11T00:00:00Z,263993
2018-07-12T00:00:00Z,247943
2018-07-13T00:00:00Z,231582
2018-07-14T00:00:00Z,225112
2018-07-15T00:00:00Z,223361
2018-07-16T00:00:00Z,324533
2018-07-17T00:00:00Z,334043
2018-07-18T00:00:00Z,385497
2018-07-19T00:00:00Z,353380
2018-07-20T00:00:00Z,325993
2018-07-21T00:00:00Z,277942
2018-07-22T00:00:00Z,319803
2018-07-23T00:00:00Z,382842
2018-07-24T00:00:00Z,405268
2018-07-25T00:00:00Z,406421
2018-07-26T00:00:00Z,366091
2018-07-27T00:00:00Z,393551
2018-07-28T00:00:00Z,357777
2018-07-29T00:00:00Z,348481
2018-07-30T00:00:00Z,365628
2018-07-31T00:00:00Z,364774
2018-08-01T00:00:00Z,362641
2018-08-02T00:00:00Z,361891
2018-08-03T00:00:00Z,373515
2018-08-04T00:00:00Z,329665
2018-08-05T00:00:00Z,307041
2018-08-06T00:00:00Z,335825
2018-08-07T00:00:00Z,307071
2018-08-08T00:00:00Z,269653
2018-08-09T00:00:00Z,262265
2018-08-10T00:00:00Z,298821
2018-08-11T00:00:00Z,320551
2018-08-12T00:00:00Z,323034
2018-08-13T00:00:00Z,336707
2018-08-14T00:00:00Z,322562
2018-08-15T00:00:00Z,315555
2018-08-16T00:00:00Z,336958
2018-08-17T00:00:00Z,298310
2018-08-18T00:00:00Z,291247
2018-08-19T00:00:00Z,283965
2018-08-20T00:00:00Z,319204
2018-08-21T00:00:00Z,283375
2018-08-22T00:00:00Z,292932
2018-08-23T00:00:00Z,289997
2018-08-24T00:00:00Z,301887
2018-08-25T00:00:00Z,290696
2018-08-26T00:00:00Z,301704
2018-08-27T00:00:00Z,319753
2018-08-28T00:00:00Z,311432
2018-08-29T00:00:00Z,257379
2018-08-30T00:00:00Z,272927
2018-08-31T00:00:00Z,277839
2018-09-01T00:00:00Z,307537
2018-09-02T00:00:00Z,312176
2018-09-03T00:00:00Z,317999
2018-09-04T00:00:00Z,296656
2018-09-05T00:00:00Z,302289
2018-09-06T00:00:00Z,290897
2018-09-07T00:00:00Z,294029
2018-09-08T00:00:00Z,274658
2018-09-09T00:00:00Z,278538
2018-09-10T00:00:00Z,271355
2018-09-11T00:00:00Z,248152
2018-09-12T00:00:00Z,248885
2018-09-13T00:00:00Z,265172
2018-09-14T00:00:00Z,240159
2018-09-15T00:00:00Z,209539
2018-09-16T00:00:00Z,208452
2018-09-17T00:00:00Z,253144
2018-09-18T00:00:00Z,224345
2018-09-19T00:00:00Z,216210
2018-09-20T00:00:00Z,232801
2018-09-21T00:00:00Z,244858
2018-09-22T00:00:00Z,216166
2018-09-23T00:00:00Z,213502
2018-09-24T00:00:00Z,215325
2018-09-25T00:00:00Z,228975
2018-09-26T00:00:00Z,213754
2018-09-27T00:00:00Z,233265
2018-09-28T00:00:00Z,235655
2018-09-29T00:00:00Z,199983
2018-09-30T00:00:00Z,229339
2018-10-01T00:00:00Z,220471
2018-10-02T00:00:00Z,217721
2018-10-03T00:00:00Z,254293
2018-10-04T00:00:00Z,267083
2018-10-05T00:00:00Z,278701
2018-10-06T00:00:00Z,282015
2018-10-07T00:00:00Z,230043
2018-10-08T00:00:00Z,249668
2018-10-09T00:00:00Z,253648
2018-10-10T00:00:00Z,242818
2018-10-11T00:00:00Z,256020
2018-10-12T00:00:00Z,252120
2018-10-13T00:00:00Z,250542
2018-10-14T00:00:00Z,235777
2018-10-15T00:00:00Z,266483
2018-10-16T00:00:00Z,275248
2018-10-17T00:00:00Z,281159
2018-10-18T00:00:00Z,267431
2018-10-19T00:00:00Z,262565
2018-10-20T00:00:00Z,254041
2018-10-21T00:00:00Z,239209
2018-10-22T00:00:00Z,281713
2018-10-23T00:00:00Z,269733
2018-10-24T00:00:00Z,271812
2018-10-25T00:00:00Z,258725
2018-10-26T00:00:00Z,266347
2018-10-27T00:00:00Z,240906
2018-10-28T00:00:00Z,244275
2018-10-29T00:00:00Z,289791
2018-10-30T00:00:00Z,298978
2018-10-31T00:00:00Z,287944
2018-11-01T00:00:00Z,271856
2018-11-02T00:00:00Z,236992
2018-11-03T00:00:00Z,229463
2018-11-04T00:00:00Z,236669
2018-11-05T00:00:00Z,262431
2018-11-06T00:00:00Z,251965
2018-11-07T00:00:00Z,238372
2018-11-08T00:00:00Z,233419
2018-11-09T00:00:00Z,258067
2018-11-10T00:00:00Z,237237
2018-11-11T00:00:00Z,263930
2018-11-12T00:00:00Z,261016
2018-11-13T00:00:00Z,248555
2018-11-14T00:00:00Z,257977
2018-11-15T00:00:00Z,248930
2018-11-16T00:00:00Z,238707
2018-11-17T00:00:00Z,217636
2018-11-18T00:00:00Z,213228
2018-11-19T00:00:00Z,291014
2018-11-20T00:00:00Z,265317
2018-11-21T00:00:00Z,233937
2018-11-22T00:00:00Z,228962
2018-11-23T00:00:00Z,230052
2018-11-24T00:00:00Z,203765
2018-11-25T00:00:00Z,222053
2018-11-26T00:00:00Z,234432
2018-11-27T00:00:00Z,223427
2018-11-28T00:00:00Z,248140
2018-11-29T00:00:00Z,220224
2018-11-30T00:00:00Z,235165
2018-12-01T00:00:00Z,211012
2018-12-02T00:00:00Z,206970
2018-12-03T00:00:00Z,221674
2018-12-04T00:00:00Z,216687
2018-12-05T00:00:00Z,234206
2018-12-06T00:00:00Z,230912
2018-12-07T00:00:00Z,245120
2018-12-08T00:00:00Z,258649
2018-12-09T00:00:00Z,227890
2018-12-10T00:00:00Z,253681
2018-12-11T00:00:00Z,220323
2018-12-12T00:00:00Z,220922
2018-12-13T00:00:00Z,222198
2018-12-14T00:00:00Z,224141
2018-12-15T00:00:00Z,229908
2018-12-16T00:00:00Z,232587
2018-12-17T00:00:00Z,234430
2018-12-18T00:00:00Z,221969
2018-12-19T00:00:00Z,243591
2018-12-20T00:00:00Z,244596
2018-12-21T00:00:00Z,240591
2018-12-22T00:00:00Z,200280
2018-12-23T00:00:00Z,226021
2018-12-24T00:00:00Z,250719
2018-12-25T00:00:00Z,225577
2018-12-26T00:00:00Z,231627
2018-12-27T00:00:00Z,236954
2018-12-28T00:00:00Z,246352
2018-12-29T00:00:00Z,239155
2018-12-30T00:00:00Z,206301
2018-12-31T00:00:00Z,223168
2019-01-01T00:00:00Z,199718
2019-01-02T00:00:00Z,238591
2019-01-03T00:00:00Z,256833
2019-01-04T00:00:00Z,226922
2019-01-05T00:00:00Z,214353
2019-01-06T00:00:00Z,219445
2019-01-07T00:00:00Z,248305
2019-01-08T00:00:00Z,245232
2019-01-09T00:00:00Z,247069
2019-01-10T00:00:00Z,241397
2019-01-11T00:00:00Z,233786
2019-01-12T00:00:00Z,187940
2019-01-13T00:00:00Z,197366
2019-01-14T00:00:00Z,269833
2019-01-15T00:00:00Z,243768
2019-01-16T00:00:00Z,215489
2019-01-17T00:00:00Z,215061
2019-01-18T00:00:00Z,215722
2019-01-19T00:00:00Z,206647
2019-01-20T00:00:00Z,194747
2019-01-21T00:00:00Z,213394
2019-01-22T00:00:00Z,205638
2019-01-23T00:00:00Z,213264
2019-01-24T00:00:00Z,201489
2019-01-25T00:00:00Z,211410
2019-01-26T00:00:00Z,195036
2019-01-27T00:00:00Z,200010
2019-01-28T00:00:00Z,240993
2019-01-29T00:00:00Z,218188
2019-01-30T00:00:00Z,207513
2019-01-31T00:00:00Z,207126
2019-02-01T00:00:00Z,203189
2019-02-02T00:00:00Z,182227
2019-02-03T00:00:00Z,168013
2019-02-04T00:00:00Z,164595
2019-02-05T00:00:00Z,167213
2019-02-06T00:00:00Z,171986
2019-02-07T00:00:00Z,167519
2019-02-08T00:00:00Z,184410
2019-02-09T00:00:00Z,169210
2019-02-10T00:00:00Z,155953
2019-02-11T00:00:00Z,178065
2019-02-12T00:00:00Z,183115
2019-02-13T00:00:00Z,187874
2019-02-14T00:00:00Z,187709
2019-02-15T00:00:00Z,191532
2019-02-16T00:00:00Z,180899
2019-02-17T00:00:00Z,175920
2019-02-18T00:00:00Z,222679
2019-02-19T00:00:00Z,218510
2019-02-20T00:00:00Z,201485
2019-02-21T00:00:00Z,193284
2019-02-22T00:00:00Z,197973
2019-02-23T00:00:00Z,188464
2019-02-24T00:00:00Z,201385
2019-02-25T00:00:00Z,209900
2019-02-26T00:00:00Z,209723
2019-02-27T00:00:00Z,214695
2019-02-28T00:00:00Z,221659
2019-03-01T00:00:00Z,225872
2019-03-02T00:00:00Z,207944
2019-03-03T00:00:00Z,194227
2019-03-04T00:00:00Z,227430
2019-03-05T00:00:00Z,226692
2019-03-06T00:00:00Z,225872
2019-03-07T00:00:00Z,225519
2019-03-08T00:00:00Z,226292
2019-03-09T00:00:00Z,224382
2019-03-10T00:00:00Z,188550
2019-03-11T00:00:00Z,206611
2019-03-12T00:00:00Z,227971
2019-03-13T00:00:00Z,221073
2019-03-14T00:00:00Z,228308
2019-03-15T00:00:00Z,215033
2019-03-16T00:00:00Z,193302
2019-03-17T00:00:00Z,200211
2019-03-18T00:00:00Z,229432
2019-03-19T00:00:00Z,234632
2019-03-20T00:00:00Z,230507
2019-03-21T00:00:00Z,217302
2019-03-22T00:00:00Z,220950
2019-03-23T00:00:00Z,204313
2019-03-24T00:00:00Z,202033
2019-03-25T00:00:00Z,255205
2019-03-26T00:00:00Z,241694
2019-03-27T00:00:00Z,231730
2019-03-28T00:00:00Z,241263
2019-03-29T00:00:00Z,235121
2019-03-30T00:00:00Z,231633
2019-03-31T00:00:00Z,220683
2019-04-01T00:00:00Z,279675
2019-04-02T00:00:00Z,310402
2019-04-03T00:00:00Z,292611
2019-04-04T00:00:00Z,260778
2019-04-05T00:00:00Z,252322
2019-04-06T00:00:00Z,222522
2019-04-07T00:00:00Z,233764
2019-04-08T00:00:00Z,263907
2019-04-09T00:00:00Z,262657
2019-04-10T00:00:00Z,250109
2019-04-11T00:00:00Z,284524
2019-04-12T00:00:00Z,298063
2019-04-13T00:00:00Z,250067
2019-04-14T00:00:00Z,206183
2019-04-15T00:00:00Z,249889
2019-04-16T00:00:00Z,245079
2019-04-17T00:00:00Z,254306
2019-04-18T00:00:00Z,258054
2019-04-19T00:00:00Z,282606
2019-04-20T00:00:00Z,332957
2019-04-21T00:00:00Z,270823
2019-04-22T00:00:00Z,284359
2019-04-23T00:00:00Z,289051
2019-04-24T00:00:00Z,267266
2019-04-25T00:00:00Z,253973
2019-04-26T00:00:00Z,249803
2019-04-27T00:00:00Z,215559
2019-04-28T00:00:00Z,220006
2019-04-29T00:00:00Z,243373
2019-04-30T00:00:00Z,261278
2019-05-01T00:00:00Z,264192
2019-05-02T00:00:00Z,226055
2019-05-03T00:00:00Z,238961
2019-05-04T00:00:00Z,219018
2019-05-05T00:00:00Z,222634
2019-05-06T00:00:00Z,246461
2019-05-07T00:00:00Z,242072
2019-05-08T00:00:00Z,248644
2019-05-09T00:00:00Z,253883
2019-05-10T00:00:00Z,265020
2019-05-11T00:00:00Z,260438
2019-05-12T00:00:00Z,249666
2019-05-13T00:00:00Z,287808
2019-05-14T00:00:00Z,315537
2019-05-15T00:00:00Z,334565
2019-05-16T00:00:00Z,360933
2019-05-17T00:00:00Z,321470
2019-05-18T00:00:00Z,286082
2019-05-19T00:00:00Z,280526
2019-05-20T00:00:00Z,303784
2019-05-21T00:00:00Z,325200
2019-05-22T00:00:00Z,304000
2019-05-23T00:00:00Z,308834
2019-05-24T00:00:00Z,317732
2019-05-25T00:00:00Z,292288
2019-05-26T00:00:00Z,286289
2019-05-27T00:00:00Z,340415
2019-05-28T00:00:00Z,325007
2019-05-29T00:00:00Z,328964
2019-05-30T00:00:00Z,331147
2019-05-31T00:00:00Z,354727
2019-06-01T00:00:00Z,434042
2019-06-02T00:00:00Z,406340
2019-06-03T00:00:00Z,360611
2019-06-04T00:00:00Z,324415
2019-06-05T00:00:00Z,295236
2019-06-06T00:00:00Z,337298
2019-06-07T00:00:00Z,268897
2019-06-08T00:00:00Z,249749
2019-06-09T00:00:00Z,304530
2019-06-10T00:00:00Z,289265
2019-06-11T00:00:00Z,353491
2019-06-12T00:00:00Z,448574
2019-06-13T00:00:00Z,324614
2019-06-14T00:00:00Z,313577
2019-06-15T00:00:00Z,309419
2019-06-16T00:00:00Z,416811
2019-06-17T00:00:00Z,294631
2019-06-18T00:00:00Z,311976
2019-06-19T00:00:00Z,306246
2019-06-20T00:00:00Z,284443
2019-06-21T00:00:00Z,335925
2019-06-22T00:00:00Z,320424
2019-06-23T00:00:00Z,293196
2019-06-24T00:00:00Z,321384
2019-06-25T00:00:00Z,321003
2019-06-26T00:00:00Z,354847
2019-06-27T00:00:00Z,322803
2019-06-28T00:00:00Z,298289
2019-06-29T00:00:00Z,279809
2019-06-30T00:00:00Z,257188
2019-07-01T00:00:00Z,292532
2019-07-02T00:00:00Z,347614
2019-07-03T00:00:00Z,323873
2019-07-04T00:00:00Z,316743
2019-07-05T00:00:00Z,286125
2019-07-06T00:00:00Z,268148
2019-07-07T00:00:00Z,242878
2019-07-08T00:00:00Z,297628
2019-07-09T00:00:00Z,315248
2019-07-10T00:00:00Z,302167
2019-07-11T00:00:00Z,281037
2019-07-12T00:00:00Z,298916
2019-07-13T00:00:00Z,239712
2019-07-14T00:00:00Z,251445
2019-07-15T00:00:00Z,298680
2019-07-16T00:00:00Z,240463
2019-07-17T00:00:00Z,283917
2019-07-18T00:00:00Z,271457
2019-07-19T00:00:00Z,269622
2019-07-20T00:00:00Z,238478
2019-07-21T00:00:00Z,216218
2019-07-22T00:00:00Z,275572
2019-07-23T00:00:00Z,240223
2019-07-24T00:00:00Z,227754
2019-07-25T00:00:00Z,232158
2019-07-26T00:00:00Z,257163
2019-07-27T00:00:00Z,241353
2019-07-28T00:00:00Z,239653
2019-07-29T00:00:00Z,266045
2019-07-30T00:00:00Z,301639
2019-07-31T00:00:00Z,260057
2019-08-01T00:00:00Z,246724
2019-08-02T00:00:00Z,268489
2019-08-03T00:00:00Z,225870
2019-08-04T00:00:00Z,238818
2019-08-05T00:00:00Z,301906
2019-08-06T00:00:00Z,313651
2019-08-07T00:00:00Z,280128
2019-08-08T00:00:00Z,275012
2019-08-09T00:00:00Z,289600
2019-08-10T00:00:00Z,270473
2019-08-11T00:00:00Z,240569
2019-08-12T00:00:00Z,298162
2019-08-13T00:00:00Z,285784
2019-08-14T00:00:00Z,285729
2019-08-15T00:00:00Z,262362
2019-08-16T00:00:00Z,295864
2019-08-17T00:00:00Z,254892
2019-08-18T00:00:00Z,242602
2019-08-19T00:00:00Z,273077
2019-08-20T00:00:00Z,286604
2019-08-21T00:00:00Z,292065
2019-08-22T00:00:00Z,282136
2019-08-23T00:00:00Z,292250
2019-08-24T00:00:00Z,267433
2019-08-25T00:00:00Z,258886
2019-08-26T00:00:00Z,286483
2019-08-27T00:00:00Z,289409
2019-08-28T00:00:00Z,278235
2019-08-29T00:00:00Z,284006
2019-08-30T00:00:00Z,271360
2019-08-31T00:00:00Z,257806
2019-09-01T00:00:00Z,248057
2019-09-02T00:00:00Z,291287
2019-09-03T00:00:00Z,282766
2019-09-04T00:00:00Z,277368
2019-09-05T00:00:00Z,307606
2019-09-06T00:00:00Z,299772
2019-09-07T00:00:00Z,267753
2019-09-08T00:00:00Z,264024
2019-09-09T00:00:00Z,301253
2019-09-10T00:00:00Z,281554
2019-09-11T00:00:00Z,283969
2019-09-12T00:00:00Z,286123
2019-09-13T00:00:00Z,253073
2019-09-14T00:00:00Z,254012
2019-09-15T00:00:00Z,261175
2019-09-16T00:00:00Z,294845
2019-09-17T00:00:00Z,280143
2019-09-18T00:00:00Z,284811
2019-09-19T00:00:00Z,274026
2019-09-20T00:00:00Z,288778
2019-09-21T00:00:00Z,228626
2019-09-22T00:00:00Z,216587
2019-09-23T00:00:00Z,231699
2019-09-24T00:00:00Z,269909
2019-09-25T00:00:00Z,253504
2019-09-26T00:00:00Z,245498
2019-09-27T00:00:00Z,242179
2019-09-28T00:00:00Z,234169
2019-09-29T00:00:00Z,209021
2019-09-30T00:00:00Z,248497
2019-10-01T00:00:00Z,252220
2019-10-02T00:00:00Z,249606
2019-10-03T00:00:00Z,220089
2019-10-04T00:00:00Z,216137
2019-10-05T00:00:00Z,227331
2019-10-06T00:00:00Z,216643
2019-10-07T00:00:00Z,234315
2019-10-08T00:00:00Z,251807
2019-10-09T00:00:00Z,278317
2019-10-10T00:00:00Z,264966
2019-10-11T00:00:00Z,264451
2019-10-12T00:00:00Z,233729
2019-10-13T00:00:00Z,212575
2019-10-14T00:00:00Z,239115
2019-10-15T00:00:00Z,252269
2019-10-16T00:00:00Z,243295
2019-10-17T00:00:00Z,241524
2019-10-18T00:00:00Z,267980
2019-10-19T00:00:00Z,239444
2019-10-20T00:00:00Z,219298
2019-10-21T00:00:00Z,244554
2019-10-22T00:00:00Z,249352
2019-10-23T00:00:00Z,243501
2019-10-24T00:00:00Z,242502
2019-10-25T00:00:00Z,252176
2019-10-26T00:00:00Z,250673
2019-10-27T00:00:00Z,222839
2019-10-28T00:00:00Z,253589
2019-10-29T00:00:00Z,251485
2019-10-30T00:00:00Z,249354
2019-10-31T00:00:00Z,247514
2019-11-01T00:00:00Z,246824
2019-11-02T00:00:00Z,215337
2019-11-03T00:00:00Z,207310
2019-11-04T00:00:00Z,237572
2019-11-05T00:00:00Z,270087
2019-11-06T00:00:00Z,248491
2019-11-07T00:00:00Z,319133
2019-11-08T00:00:00Z,252226
2019-11-09T00:00:00Z,210571
2019-11-10T00:00:00Z,233455
2019-11-11T00:00:00Z,263093
2019-11-12T00:00:00Z,264436
2019-11-13T00:00:00Z,257597
2019-11-14T00:00:00Z,247864
2019-11-15T00:00:00Z,238333
2019-11-16T00:00:00Z,212615
2019-11-17T00:00:00Z,222421
2019-11-18T00:00:00Z,247940
2019-11-19T00:00:00Z,247565
2019-11-20T00:00:00Z,237369
2019-11-21T00:00:00Z,266391
2019-11-22T00:00:00Z,279828
2019-11-23T00:00:00Z,216685
2019-11-24T00:00:00Z,198040
2019-11-25T00:00:00Z,249731
2019-11-26T00:00:00Z,225909
2019-11-27T00:00:00Z,218194
2019-11-28T00:00:00Z,216662
2019-11-29T00:00:00Z,240140
2019-11-30T00:00:00Z,202491
2019-12-01T00:00:00Z,213221
2019-12-02T00:00:00Z,256251
2019-12-03T00:00:00Z,224906
2019-12-04T00:00:00Z,227906
2019-12-05T00:00:00Z,227601
2019-12-06T00:00:00Z,216599
2019-12-07T00:00:00Z,182090
2019-12-08T00:00:00Z,168607
2019-12-09T00:00:00Z,241564
2019-12-10T00:00:00Z,225919
2019-12-11T00:00:00Z,225616
2019-12-12T00:00:00Z,216982
2019-12-13T00:00:00Z,219870
2019-12-14T00:00:00Z,190180
2019-12-15T00:00:00Z,193070
2019-12-16T00:00:00Z,227218
2019-12-17T00:00:00Z,217347
2019-12-18T00:00:00Z,231445
2019-12-19T00:00:00Z,220025
2019-12-20T00:00:00Z,217504
2019-12-21T00:00:00Z,198017
2019-12-22T00:00:00Z,185181
2019-12-23T00:00:00Z,219213
2019-12-24T00:00:00Z,202295
2019-12-25T00:00:00Z,193762
2019-12-26T00:00:00Z,208066
2019-12-27T00:00:00Z,202000
2019-12-28T00:00:00Z,186308
2019-12-29T00:00:00Z,173154
2019-12-30T00:00:00Z,218531
2019-12-31T00:00:00Z,192465
2020-01-01T00:00:00Z,158039
2020-01-02T00:00:00Z,174751
2020-01-03T00:00:00Z,209314
2020-01-04T00:00:00Z,198434
2020-01-05T00:00:00Z,188242
2020-01-06T00:00:00Z,220084
2020-01-07T00:00:00Z,222686
2020-01-08T00:00:00Z,231972
2020-01-09T00:00:00Z,229864
2020-01-10T00:00:00Z,212376
2020-01-11T00:00:00Z,195503
2020-01-12T00:00:00Z,179478
2020-01-13T00:00:00Z,210234
2020-01-14T00:00:00Z,243662
2020-01-15T00:00:00Z,251197
2020-01-16T00:00:00Z,259840
2020-01-17T00:00:00Z,233997
2020-01-18T00:00:00Z,224459
2020-01-19T00:00:00Z,216565
2020-01-20T00:00:00Z,214994
2020-01-21T00:00:00Z,212778
2020-01-22T00:00:00Z,195327
2020-01-23T00:00:00Z,215879
2020-01-24T00:00:00Z,175548
2020-01-25T00:00:00Z,169319
2020-01-26T00:00:00Z,151943
2020-01-27T00:00:00Z,184006
2020-01-28T00:00:00Z,190032
2020-01-29T00:00:00Z,198091
2020-01-30T00:00:00Z,196317
2020-01-31T00:00:00Z,199320
2020-02-01T00:00:00Z,188582
2020-02-02T00:00:00Z,187975
2020-02-03T00:00:00Z,235763
2020-02-04T00:00:00Z,202067
2020-02-05T00:00:00Z,232299
2020-02-06T00:00:00Z,232694
2020-02-07T00:00:00Z,241046
2020-02-08T00:00:00Z,252688
2020-02-09T00:00:00Z,254846
2020-02-10T00:00:00Z,247622
2020-02-11T00:00:00Z,267073
2020-02-12T00:00:00Z,317429
2020-02-13T00:00:00Z,292883
2020-02-14T00:00:00Z,271863
2020-02-15T00:00:00Z,260384
2020-02-16T00:00:00Z,243737
2020-02-17T00:00:00Z,259780
2020-02-18T00:00:00Z,273431
2020-02-19T00:00:00Z,254437
2020-02-20T00:00:00Z,251714
2020-02-21T00:00:00Z,259119
2020-02-22T00:00:00Z,251003
2020-02-23T00:00:00Z,263038
2020-02-24T00:00:00Z,269304
2020-02-25T00:00:00Z,243760
2020-02-26T00:00:00Z,253226
2020-02-27T00:00:00Z,262982
2020-02-28T00:00:00Z,254412
2020-02-29T00:00:00Z,229653
2020-03-01T00:00:00Z,224898
2020-03-02T00:00:00Z,261199
2020-03-03T00:00:00Z,232483
2020-03-04T00:00:00Z,245531
2020-03-05T00:00:00Z,268443
2020-03-06T00:00:00Z,246921
2020-03-07T00:00:00Z,229749
2020-03-08T00:00:00Z,224630
2020-03-09T00:00:00Z,263200
2020-03-10T00:00:00Z,251075
2020-03-11T00:00:00Z,247064
2020-03-12T00:00:00Z,249261
2020-03-13T00:00:00Z,288381
2020-03-14T00:00:00Z,247489
2020-03-15T00:00:00Z,230493
2020-03-16T00:00:00Z,270925
2020-03-17T00:00:00Z,271955
2020-03-18T00:00:00Z,301347
2020-03-19T00:00:00Z,361267
2020-03-20T00:00:00Z,327059
2020-03-21T00:00:00Z,389114
2020-03-22T00:00:00Z,294502
2020-03-23T00:00:00Z,314975
2020-03-24T00:00:00Z,307960
2020-03-25T00:00:00Z,283836
2020-03-26T00:00:00Z,294083
2020-03-27T00:00:00Z,295685
2020-03-28T00:00:00Z,242021
2020-03-29T00:00:00Z,224204
2020-03-30T00:00:00Z,267567
2020-03-31T00:00:00Z,255479
2020-04-01T00:00:00Z,247865
2020-04-02T00:00:00Z,262948
2020-04-03T00:00:00Z,266696
2020-04-04T00:00:00Z,230773
2020-04-05T00:00:00Z,223323
2020-04-06T00:00:00Z,287360
2020-04-07T00:00:00Z,275348
2020-04-08T00:00:00Z,341429
2020-04-09T00:00:00Z,273927
2020-04-10T00:00:00Z,268633
2020-04-11T00:00:00Z,248404
2020-04-12T00:00:00Z,260341
2020-04-13T00:00:00Z,285951
2020-04-14T00:00:00Z,326006
2020-04-15T00:00:00Z,299330
2020-04-16T00:00:00Z,281971
2020-04-17T00:00:00Z,303203
2020-04-18T00:00:00Z,308485
2020-04-19T00:00:00Z,290892
2020-04-20T00:00:00Z,317088
2020-04-21T00:00:00Z,307535
2020-04-22T00:00:00Z,299785
2020-04-23T00:00:00Z,324012
2020-04-24T00:00:00Z,332408
2020-04-25T00:00:00Z,300984
2020-04-26T00:00:00Z,297998
2020-04-27T00:00:00Z,320195
2020-04-28T00:00:00Z,320857
2020-04-29T00:00:00Z,343693
2020-04-30T00:00:00Z,338398
2020-05-01T00:00:00Z,326542
2020-05-02T00:00:00Z,312607
2020-05-03T00:00:00Z,328980
2020-05-04T00:00:00Z,297043
2020-05-05T00:00:00Z,295406
2020-05-06T00:00:00Z,314809
2020-05-07T00:00:00Z,325480
2020-05-08T00:00:00Z,332114
2020-05-09T00:00:00Z,340301
2020-05-10T00:00:00Z,329149
2020-05-11T00:00:00Z,331093
2020-05-12T00:00:00Z,313852
2020-05-13T00:00:00Z,292856
2020-05-14T00:00:00Z,296751
2020-05-15T00:00:00Z,317965
2020-05-16T00:00:00Z,309376
2020-05-17T00:00:00Z,296554
2020-05-18T00:00:00Z,317913
2020-05-19T00:00:00Z,323997
2020-05-20T00:00:00Z,320157
2020-05-21T00:00:00Z,325287
2020-05-22T00:00:00Z,335941
2020-05-23T00:00:00Z,331432
2020-05-24T00:00:00Z,299675
2020-05-25T00:00:00Z,316446
2020-05-26T00:00:00Z,334357
2020-05-27T00:00:00Z,331660
2020-05-28T00:00:00Z,338742
2020-05-29T00:00:00Z,372442
2020-05-30T00:00:00Z,345357
2020-05-31T00:00:00Z,326901
2020-06-01T00:00:00Z,353919
2020-06-02T00:00:00Z,387293
2020-06-03T00:00:00Z,350695
2020-06-04T00:00:00Z,365838
2020-06-05T00:00:00Z,346324
2020-06-06T00:00:00Z,331250
2020-06-07T00:00:00Z,316266
2020-06-08T00:00:00Z,368326
2020-06-09T00:00:00Z,360711
2020-06-10T00:00:00Z,347005
2020-06-11T00:00:00Z,348213
2020-06-12T00:00:00Z,363496
2020-06-13T00:00:00Z,342430
2020-06-14T00:00:00Z,317493
2020-06-15T00:00:00Z,354751
2020-06-16T00:00:00Z,351608
2020-06-17T00:00:00Z,345907
2020-06-18T00:00:00Z,373800
2020-06-19T00:00:00Z,361984
2020-06-20T00:00:00Z,365495
2020-06-21T00:00:00Z,350050
2020-06-22T00:00:00Z,384344
2020-06-23T00:00:00Z,399294
2020-06-24T00:00:00Z,380345
2020-06-25T00:00:00Z,377000
2020-06-26T00:00:00Z,379735
2020-06-27T00:00:00Z,373462
2020-06-28T00:00:00Z,383848
2020-06-29T00:00:00Z,444341
2020-06-30T00:00:00Z,422176
2020-07-01T00:00:00Z,409751
2020-07-02T00:00:00Z,405200
2020-07-03T00:00:00Z,386854
2020-07-04T00:00:00Z,382929
2020-07-05T00:00:00Z,342832
2020-07-06T00:00:00Z,381398
2020-07-07T00:00:00Z,404891
2020-07-08T00:00:00Z,405049
2020-07-09T00:00:00Z,402552
2020-07-10T00:00:00Z,383527
2020-07-11T00:00:00Z,389665
2020-07-12T00:00:00Z,370430
2020-07-13T00:00:00Z,420213
2020-07-14T00:00:00Z,416889
2020-07-15T00:00:00Z,434719
2020-07-16T00:00:00Z,392747
2020-07-17T00:00:00Z,384442
2020-07-18T00:00:00Z,361487
2020-07-19T00:00:00Z,374151
2020-07-20T00:00:00Z,411940
2020-07-21T00:00:00Z,376641
2020-07-22T00:00:00Z,395975
2020-07-23T00:00:00Z,413441
2020-07-24T00:00:00Z,391600
2020-07-25T00:00:00Z,412990
2020-07-26T00:00:00Z,414511
2020-07-27T00:00:00Z,451420
2020-07-28T00:00:00Z,482982
2020-07-29T00:00:00Z,410744
2020-07-30T00:00:00Z,416136
2020-07-31T00:00:00Z,423534
2020-08-01T00:00:00Z,442810
2020-08-02T00:00:00Z,427668
2020-08-03T00:00:00Z,445766
2020-08-04T00:00:00Z,455335
2020-08-05T00:00:00Z,459418
2020-08-06T00:00:00Z,463473
2020-08-07T00:00:00Z,439801
2020-08-08T00:00:00Z,416095
2020-08-09T00:00:00Z,389809
2020-08-10T00:00:00Z,409219
2020-08-11T00:00:00Z,403134
2020-08-12T00:00:00Z,349712
2020-08-13T00:00:00Z,375735
2020-08-14T00:00:00Z,389349
2020-08-15T00:00:00Z,400232
2020-08-16T00:00:00Z,395155
2020-08-17T00:00:00Z,396944
2020-08-18T00:00:00Z,387219
2020-08-19T00:00:00Z,394997
2020-08-20T00:00:00Z,392227
2020-08-21T00:00:00Z,417138
2020-08-22T00:00:00Z,374847
2020-08-23T00:00:00Z,389495
2020-08-24T00:00:00Z,395717
2020-08-25T00:00:00Z,383953
2020-08-26T00:00:00Z,394674
2020-08-27T00:00:00Z,389633
2020-08-28T00:00:00Z,367648
2020-08-29T00:00:00Z,339223
2020-08-30T00:00:00Z,314721
2020-08-31T00:00:00Z,369137
2020-09-01T00:00:00Z,365472
2020-09-02T00:00:00Z,346127
2020-09-03T00:00:00Z,348892
2020-09-04T00:00:00Z,390566
2020-09-05T00:00:00Z,313397
2020-09-06T00:00:00Z,345825
2020-09-07T00:00:00Z,350898
2020-09-08T00:00:00Z,341801
2020-09-09T00:00:00Z,319403
2020-09-10T00:00:00Z,314681
2020-09-11T00:00:00Z,310103
2020-09-12T00:00:00Z,310432
2020-09-13T00:00:00Z,289441
2020-09-14T00:00:00Z,312663
2020-09-15T00:00:00Z,339271
2020-09-16T00:00:00Z,314632
2020-09-17T00:00:00Z,443546
2020-09-18T00:00:00Z,426767
2020-09-19T00:00:00Z,378055
2020-09-20T00:00:00Z,401017
2020-09-21T00:00:00Z,399924
2020-09-22T00:00:00Z,365505
2020-09-23T00:00:00Z,375632
2020-09-24T00:00:00Z,390983
2020-09-25T00:00:00Z,356886
2020-09-26T00:00:00Z,355954
2020-09-27T00:00:00Z,346970
2020-09-28T00:00:00Z,368632
2020-09-29T00:00:00Z,368241
2020-09-30T00:00:00Z,367119
2020-10-01T00:00:00Z,358750
2020-10-02T00:00:00Z,350169
2020-10-03T00:00:00Z,326563
2020-10-04T00:00:00Z,337957
2020-10-05T00:00:00Z,327199
2020-10-06T00:00:00Z,348568
2020-10-07T00:00:00Z,351256
2020-10-08T00:00:00Z,347580
2020-10-09T00:00:00Z,372579
2020-10-10T00:00:00Z,364289
2020-10-11T00:00:00Z,354427
2020-10-12T00:00:00Z,369444
2020-10-13T00:00:00Z,403473
2020-10-14T00:00:00Z,391380
2020-10-15T00:00:00Z,530336
2020-10-16T00:00:00Z,482312
2020-10-17T00:00:00Z,429359
2020-10-18T00:00:00Z,365294
2020-10-19T00:00:00Z,394625
2020-10-20T00:00:00Z,387440
2020-10-21T00:00:00Z,420394
2020-10-22T00:00:00Z,451140
2020-10-23T00:00:00Z,428684
2020-10-24T00:00:00Z,392615
2020-10-25T00:00:00Z,349205
2020-10-26T00:00:00Z,381006
2020-10-27T00:00:00Z,384836
2020-10-28T00:00:00Z,407905
2020-10-29T00:00:00Z,375870
2020-10-30T00:00:00Z,388942
2020-10-31T00:00:00Z,408519
2020-11-01T00:00:00Z,381618
2020-11-02T00:00:00Z,415240
2020-11-03T00:00:00Z,408909
2020-11-04T00:00:00Z,464479
2020-11-05T00:00:00Z,425219
2020-11-06T00:00:00Z,458345
2020-11-07T00:00:00Z,431888
2020-11-08T00:00:00Z,395733
2020-11-09T00:00:00Z,430427
2020-11-10T00:00:00Z,415848
2020-11-11T00:00:00Z,425700
2020-11-12T00:00:00Z,407933
2020-11-13T00:00:00Z,424626
2020-11-14T00:00:00Z,423499
2020-11-15T00:00:00Z,383372
2020-11-16T00:00:00Z,415789
2020-11-17T00:00:00Z,434040
2020-11-18T00:00:00Z,414826
2020-11-19T00:00:00Z,435240
2020-11-20T00:00:00Z,440415
2020-11-21T00:00:00Z,462587
2020-11-22T00:00:00Z,449415
2020-11-23T00:00:00Z,468215
2020-11-24T00:00:00Z,458576
2020-11-25T00:00:00Z,476225
2020-11-26T00:00:00Z,415748
2020-11-27T00:00:00Z,445041
2020-11-28T00:00:00Z,406923
2020-11-29T00:00:00Z,438952
2020-11-30T00:00:00Z,428456
2020-12-01T00:00:00Z,435858
2020-12-02T00:00:00Z,401717
2020-12-03T00:00:00Z,409059
2020-12-04T00:00:00Z,408018
2020-12-05T00:00:00Z,400453
2020-12-06T00:00:00Z,375365
2020-12-07T00:00:00Z,393556
2020-12-08T00:00:00Z,401981
2020-12-09T00:00:00Z,400365
2020-12-10T00:00:00Z,379249
2020-12-11T00:00:00Z,402565
2020-12-12T00:00:00Z,424053
2020-12-13T00:00:00Z,451610
2020-12-14T00:00:00Z,469111
2020-12-15T00:00:00Z,442871
2020-12-16T00:00:00Z,485879
2020-12-17T00:00:00Z,534635
2020-12-18T00:00:00Z,474791
2020-12-19T00:00:00Z,476143
2020-12-20T00:00:00Z,403587
2020-12-21T00:00:00Z,402169
2020-12-22T00:00:00Z,406165
2020-12-23T00:00:00Z,456561
2020-12-24T00:00:00Z,424913
2020-12-25T00:00:00Z,399942
2020-12-26T00:00:00Z,406535
2020-12-27T00:00:00Z,428412
2020-12-28T00:00:00Z,463872
2020-12-29T00:00:00Z,451257
2020-12-30T00:00:00Z,449682
2020-12-31T00:00:00Z,425338
2021-01-01T00:00:00Z,445278
2021-01-02T00:00:00Z,422461
2021-01-03T00:00:00Z,492481
2021-01-04T00:00:00Z,513954
2021-01-05T00:00:00Z,507048
2021-01-06T00:00:00Z,533812
2021-01-07T00:00:00Z,572564
2021-01-08T00:00:00Z,533554
2021-01-09T00:00:00Z,538240
2021-01-10T00:00:00Z,526696
2021-01-11T00:00:00Z,515766
2021-01-12T00:00:00Z,468627
2021-01-13T00:00:00Z,460089
2021-01-14T00:00:00Z,489941
2021-01-15T00:00:00Z,507082
2021-01-16T00:00:00Z,493810
2021-01-17T00:00:00Z,459262
2021-01-18T00:00:00Z,483810
2021-01-19T00:00:00Z,512059
2021-01-20T00:00:00Z,494324
2021-01-21T00:00:00Z,452612
2021-01-22T00:00:00Z,451812
2021-01-23T00:00:00Z,451296
2021-01-24T00:00:00Z,445826
2021-01-25T00:00:00Z,467889
2021-01-26T00:00:00Z,477763
2021-01-27T00:00:00Z,429185
2021-01-28T00:00:00Z,479301
2021-01-29T00:00:00Z,530180
2021-01-30T00:00:00Z,502843
2021-01-31T00:00:00Z,482197
2021-02-01T00:00:00Z,502910
2021-02-02T00:00:00Z,521483
2021-02-03T00:00:00Z,550200
2021-02-04T00:00:00Z,536393
2021-02-05T00:00:00Z,524956
2021-02-06T00:00:00Z,506364
2021-02-07T00:00:00Z,503706
2021-02-08T00:00:00Z,526163
2021-02-09T00:00:00Z,536810
2021-02-10T00:00:00Z,543234
2021-02-11T00:00:00Z,533153
2021-02-12T00:00:00Z,523605
2021-02-13T00:00:00Z,495410
2021-02-14T00:00:00Z,474178
2021-02-15T00:00:00Z,481467
2021-02-16T00:00:00Z,503115
2021-02-17T00:00:00Z,512969
2021-02-18T00:00:00Z,532291
2021-02-19T00:00:00Z,558138
2021-02-20T00:00:00Z,561557
2021-02-21T00:00:00Z,524384
2021-02-22T00:00:00Z,521146
2021-02-23T00:00:00Z,502733
2021-02-24T00:00:00Z,516924
2021-02-25T00:00:00Z,502977
2021-02-26T00:00:00Z,505479
2021-02-27T00:00:00Z,499189
2021-02-28T00:00:00Z,481304
2021-03-01T00:00:00Z,491391
2021-03-02T00:00:00Z,511071
2021-03-03T00:00:00Z,483822
2021-03-04T00:00:00Z,508702
2021-03-05T00:00:00Z,448630
2021-03-06T00:00:00Z,474182
2021-03-07T00:00:00Z,443819
2021-03-08T00:00:00Z,476402
2021-03-09T00:00:00Z,513060
2021-03-10T00:00:00Z,524052
2021-03-11T00:00:00Z,539838
2021-03-12T00:00:00Z,528998
2021-03-13T00:00:00Z,523084
2021-03-14T00:00:00Z,523526
2021-03-15T00:00:00Z,525531
2021-03-16T00:00:00Z,522411
2021-03-17T00:00:00Z,508294
2021-03-18T00:00:00Z,534481
2021-03-19T00:00:00Z,526487
2021-03-20T00:00:00Z,520471
2021-03-21T00:00:00Z,484380
2021-03-22T00:00:00Z,510487
2021-03-23T00:00:00Z,541122
2021-03-24T00:00:00Z,538075
2021-03-25T00:00:00Z,563489
2021-03-26T00:00:00Z,530952
2021-03-27T00:00:00Z,511329
2021-03-28T00:00:00Z,494426
2021-03-29T00:00:00Z,517204
2021-03-30T00:00:00Z,526539
2021-03-31T00:00:00Z,541594
2021-04-01T00:00:00Z,591819
2021-04-02T00:00:00Z,596110
2021-04-03T00:00:00Z,548961
2021-04-04T00:00:00Z,513481
2021-04-05T00:00:00Z,532802
2021-04-06T00:00:00Z,557279
2021-04-07T00:00:00Z,538244
2021-04-08T00:00:00Z,537463
2021-04-09T00:00:00Z,529919
2021-04-10T00:00:00Z,580744
2021-04-11T00:00:00Z,543635
2021-04-12T00:00:00Z,569613
2021-04-13T00:00:00Z,571403
2021-04-14T00:00:00Z,598476
2021-04-15T00:00:00Z,518270
2021-04-16T00:00:00Z,615088
2021-04-17T00:00:00Z,637511
2021-04-18T00:00:00Z,600758
2021-04-19T00:00:00Z,648845
2021-04-20T00:00:00Z,690506
2021-04-21T00:00:00Z,701794
2021-04-22T00:00:00Z,694866
2021-04-23T00:00:00Z,650132
2021-04-24T00:00:00Z,668174
2021-04-25T00:00:00Z,680117
2021-04-26T00:00:00Z,662300
2021-04-27T00:00:00Z,641781
2021-04-28T00:00:00Z,648025
2021-04-29T00:00:00Z,658670
2021-04-30T00:00:00Z,622437
2021-05-01T00:00:00Z,671564
2021-05-02T00:00:00Z,633943
2021-05-03T00:00:00Z,671710
2021-05-04T00:00:00Z,698502
2021-05-05T00:00:00Z,690705
2021-05-06T00:00:00Z,689391
2021-05-07T00:00:00Z,671500
2021-05-08T00:00:00Z,754316
2021-05-09T00:00:00Z,794922
2021-05-10T00:00:00Z,759123
2021-05-11T00:00:00Z,780177
2021-05-12T00:00:00Z,574878
2021-05-13T00:00:00Z,717066
2021-05-14T00:00:00Z,721856
2021-05-15T00:00:00Z,696175
2021-05-16T00:00:00Z,660293
2021-05-17T00:00:00Z,646111
2021-05-18T00:00:00Z,616607
2021-05-19T00:00:00Z,615757
2021-05-20T00:00:00Z,656867
2021-05-21T00:00:00Z,591716
2021-05-22T00:00:00Z,574513
2021-05-23T00:00:00Z,517598
2021-05-24T00:00:00Z,550676
2021-05-25T00:00:00Z,553898
2021-05-26T00:00:00Z,571424
2021-05-27T00:00:00Z,573157
2021-05-28T00:00:00Z,540076
2021-05-29T00:00:00Z,589671
2021-05-30T00:00:00Z,592221
2021-05-31T00:00:00Z,586266
2021-06-01T00:00:00Z,568811
2021-06-02T00:00:00Z,552331
2021-06-03T00:00:00Z,593952
2021-06-04T00:00:00Z,570179
2021-06-05T00:00:00Z,543292
2021-06-06T00:00:00Z,525359
2021-06-07T00:00:00Z,526388
2021-06-08T00:00:00Z,491165
2021-06-09T00:00:00Z,493953
2021-06-10T00:00:00Z,495839
2021-06-11T00:00:00Z,477229
2021-06-12T00:00:00Z,473496
2021-06-13T00:00:00Z,508210
2021-06-14T00:00:00Z,495937
2021-06-15T00:00:00Z,506434
2021-06-16T00:00:00Z,500806
2021-06-17T00:00:00Z,485479
2021-06-18T00:00:00Z,468411
2021-06-19T00:00:00Z,427889
2021-06-20T00:00:00Z,438045
2021-06-21T00:00:00Z,478850
2021-06-22T00:00:00Z,516669
2021-06-23T00:00:00Z,512525
2021-06-24T00:00:00Z,523980
2021-06-25T00:00:00Z,508779
2021-06-26T00:00:00Z,487731
2021-06-27T00:00:00Z,482586
2021-06-28T00:00:00Z,683021
2021-06-29T00:00:00Z,555173
2021-06-30T00:00:00Z,518219
2021-07-01T00:00:00Z,527404
2021-07-02T00:00:00Z,501748
2021-07-03T00:00:00Z,462281
2021-07-04T00:00:00Z,464245
2021-07-05T00:00:00Z,486940
2021-07-06T00:00:00Z,488571
2021-07-07T00:00:00Z,500248
2021-07-08T00:00:00Z,492711
2021-07-09T00:00:00Z,485504
2021-07-10T00:00:00Z,450271
2021-07-11T00:00:00Z,446657
2021-07-12T00:00:00Z,465128
2021-07-13T00:00:00Z,468714
2021-07-14T00:00:00Z,476083
2021-07-15T00:00:00Z,493822
2021-07-16T00:00:00Z,473552
2021-07-17T00:00:00Z,464112
2021-07-18T00:00:00Z,443847
2021-07-19T00:00:00Z,481237
2021-07-20T00:00:00Z,485017
2021-07-21T00:00:00Z,494699
2021-07-22T00:00:00Z,492025
2021-07-23T00:00:00Z,504532
2021-07-24T00:00:00Z,524865
2021-07-25T00:00:00Z,472748
2021-07-26T00:00:00Z,523907
2021-07-27T00:00:00Z,622702
2021-07-28T00:00:00Z,598020
2021-07-29T00:00:00Z,535312
2021-07-30T00:00:00Z,530446
2021-07-31T00:00:00Z,523507
2021-08-01T00:00:00Z,510068
2021-08-02T00:00:00Z,553881
2021-08-03T00:00:00Z,502487
2021-08-04T00:00:00Z,503365
2021-08-05T00:00:00Z,461315
2021-08-06T00:00:00Z,493013
2021-08-07T00:00:00Z,480200
2021-08-08T00:00:00Z,492638
2021-08-09T00:00:00Z,476116
2021-08-10T00:00:00Z,481417
2021-08-11T00:00:00Z,486536
2021-08-12T00:00:00Z,479883
2021-08-13T00:00:00Z,479258
2021-08-14T00:00:00Z,462463
2021-08-15T00:00:00Z,453133
2021-08-16T00:00:00Z,505816
2021-08-17T00:00:00Z,494600
2021-08-18T00:00:00Z,478168
2021-08-19T00:00:00Z,525891
2021-08-20T00:00:00Z,522866
2021-08-21T00:00:00Z,489383
2021-08-22T00:00:00Z,468211
2021-08-23T00:00:00Z,492624
2021-08-24T00:00:00Z,473150
2021-08-25T00:00:00Z,452175
2021-08-26T00:00:00Z,448796
2021-08-27T00:00:00Z,437792
2021-08-28T00:00:00Z,458169
2021-08-29T00:00:00Z,443638
2021-08-30T00:00:00Z,463898
2021-08-31T00:00:00Z,489456
2021-09-01T00:00:00Z,505920
2021-09-02T00:00:00Z,518096
2021-09-03T00:00:00Z,466471
2021-09-04T00:00:00Z,474530
2021-09-05T00:00:00Z,454261
2021-09-06T00:00:00Z,480828
2021-09-07T00:00:00Z,512946
2021-09-08T00:00:00Z,476723
2021-09-09T00:00:00Z,481475
2021-09-10T00:00:00Z,517875
2021-09-11T00:00:00Z,583239
2021-09-12T00:00:00Z,524894
2021-09-13T00:00:00Z,583723
2021-09-14T00:00:00Z,531109
2021-09-15T00:00:00Z,524415
2021-09-16T00:00:00Z,499502
2021-09-17T00:00:00Z,481025
2021-09-18T00:00:00Z,486651
2021-09-19T00:00:00Z,461300
2021-09-20T00:00:00Z,449609
2021-09-21T00:00:00Z,477595
2021-09-22T00:00:00Z,486915
2021-09-23T00:00:00Z,488219
2021-09-24T00:00:00Z,457585
2021-09-25T00:00:00Z,466051
2021-09-26T00:00:00Z,426785
2021-09-27T00:00:00Z,446701
2021-09-28T00:00:00Z,443547
2021-09-29T00:00:00Z,455419
2021-09-30T00:00:00Z,451800
2021-10-01T00:00:00Z,525088
2021-10-02T00:00:00Z,468376
2021-10-03T00:00:00Z,467616
2021-10-04T00:00:00Z,362004
2021-10-05T00:00:00Z,508377
2021-10-06T00:00:00Z,577454
2021-10-07T00:00:00Z,430578
2021-10-08T00:00:00Z,549716
2021-10-09T00:00:00Z,531794
2021-10-10T00:00:00Z,484836
2021-10-11T00:00:00Z,496502
2021-10-12T00:00:00Z,498984
2021-10-13T00:00:00Z,484265
2021-10-14T00:00:00Z,509166
2021-10-15T00:00:00Z,516210
2021-10-16T00:00:00Z,533741
2021-10-17T00:00:00Z,498740
2021-10-18T00:00:00Z,518288
2021-10-19T00:00:00Z,542133
2021-10-20T00:00:00Z,570406
2021-10-21T00:00:00Z,570388
2021-10-22T00:00:00Z,553167
2021-10-23T00:00:00Z,567551
2021-10-24T00:00:00Z,554773
2021-10-25T00:00:00Z,554872
2021-10-26T00:00:00Z,573065
2021-10-27T00:00:00Z,578546
2021-10-28T00:00:00Z,659884
2021-10-29T00:00:00Z,673501
2021-10-30T00:00:00Z,615332
